Dealer_Region,week,units_sold,revenue,avg_price,avg_income
Aurora,2021-12-27,4,64000,16000.0,936500.0
Aurora,2022-01-03,13,402502,30961.69230769231,976000.0
Aurora,2022-01-10,7,166700,23814.285714285714,892857.1428571428
Aurora,2022-01-17,7,237501,33928.71428571428,700785.7142857143
Aurora,2022-01-24,8,190600,23825.0,1081875.0
Aurora,2022-01-31,15,466500,31100.0,794266.6666666666
Aurora,2022-02-07,8,180001,22500.125,566125.0
Aurora,2022-02-14,14,387301,27664.35714285714,855464.2857142857
Aurora,2022-02-21,6,124500,20750.0,821833.3333333334
Aurora,2022-02-28,20,432002,21600.1,634500.0
Aurora,2022-03-07,20,592571,29628.55,793410.0
Aurora,2022-03-14,26,672701,25873.115384615383,993980.7692307692
Aurora,2022-03-21,15,416001,27733.4,759766.6666666666
Aurora,2022-03-28,18,511501,28416.722222222223,1304500.0
Aurora,2022-04-04,27,760502,28166.74074074074,864074.074074074
Aurora,2022-04-11,28,670502,23946.5,696089.2857142857
Aurora,2022-04-18,21,471501,22452.428571428572,1243952.380952381
Aurora,2022-04-25,31,899807,29026.032258064515,777241.9354838709
Aurora,2022-05-02,22,504404,22927.454545454544,939590.9090909091
Aurora,2022-05-09,20,616252,30812.6,825537.5
Aurora,2022-05-16,9,277005,30778.333333333332,1174555.5555555555
Aurora,2022-05-23,26,724303,27857.80769230769,928292.3076923077
Aurora,2022-05-30,21,644304,30681.14285714286,1411142.857142857
Aurora,2022-06-06,24,560506,23354.416666666668,868229.2083333334
Aurora,2022-06-13,24,643904,26829.333333333332,886708.3333333334
Aurora,2022-06-20,20,573485,28674.25,923465.0
Aurora,2022-06-27,15,531651,35443.4,913566.6666666666
Aurora,2022-07-04,24,637355,26556.458333333332,756635.4166666666
Aurora,2022-07-11,28,670303,23939.39285714286,771375.0
Aurora,2022-07-18,12,402002,33500.166666666664,875708.3333333334
Aurora,2022-07-25,20,550353,27517.65,775875.0
Aurora,2022-08-01,16,538800,33675.0,752531.25
Aurora,2022-08-08,28,1074607,38378.82142857143,922875.0
Aurora,2022-08-15,24,650901,27120.875,816187.5
Aurora,2022-08-22,30,900054,30001.8,1030816.6666666666
Aurora,2022-08-29,25,697852,27914.08,879240.0
Aurora,2022-09-05,37,1090288,29467.243243243243,970521.6216216217
Aurora,2022-09-12,54,1703652,31549.11111111111,734995.3703703703
Aurora,2022-09-19,48,1395755,29078.229166666668,932562.5
Aurora,2022-09-26,37,992454,26823.08108108108,825216.2162162162
Aurora,2022-10-03,26,697084,26810.923076923078,802953.3846153846
Aurora,2022-10-10,23,604803,26295.782608695652,674630.4347826086
Aurora,2022-10-17,19,535852,28202.736842105263,857631.5789473684
Aurora,2022-10-24,23,765906,33300.260869565216,858586.9565217391
Aurora,2022-10-31,37,927944,25079.567567567567,848931.027027027
Aurora,2022-11-07,63,2083492,33071.30158730159,834022.0317460317
Aurora,2022-11-14,49,1310963,26754.34693877551,850806.1224489796
Aurora,2022-11-21,55,1416318,25751.236363636363,917874.5454545454
Aurora,2022-11-28,58,1742422,30041.758620689656,746043.1034482758
Aurora,2022-12-05,60,1548918,25815.3,982581.6666666666
Aurora,2022-12-12,48,1377669,28701.4375,812177.0833333334
Aurora,2022-12-19,53,1522068,28718.264150943396,886948.1132075472
Aurora,2022-12-26,35,934758,26707.371428571427,684800.0
Aurora,2023-01-02,13,309104,23777.23076923077,771769.2307692308
Aurora,2023-01-09,14,358002,25571.571428571428,854428.5714285715
Aurora,2023-01-16,17,458506,26970.941176470587,647235.2941176471
Aurora,2023-01-23,5,131501,26300.2,482600.0
Aurora,2023-01-30,26,621658,23909.923076923078,875500.0
Aurora,2023-02-06,11,409003,37182.09090909091,422636.36363636365
Aurora,2023-02-13,15,503053,33536.86666666667,821866.6666666666
Aurora,2023-02-20,12,288308,24025.666666666668,1045166.6666666666
Aurora,2023-02-27,24,948511,39521.291666666664,1053083.3333333333
Aurora,2023-03-06,36,913613,25378.13888888889,923638.8888888889
Aurora,2023-03-13,35,935612,26731.77142857143,1163271.4285714286
Aurora,2023-03-20,17,383306,22547.41176470588,1182147.0588235294
Aurora,2023-03-27,28,709809,25350.321428571428,829464.2857142857
Aurora,2023-04-03,27,819559,30354.037037037036,780796.2962962963
Aurora,2023-04-10,26,665707,25604.115384615383,781788.4615384615
Aurora,2023-04-17,35,1118512,31957.485714285714,788771.4285714285
Aurora,2023-04-24,10,380505,38050.5,781200.0
Aurora,2023-05-01,39,1120416,28728.615384615383,1044984.6153846154
Aurora,2023-05-08,25,591710,23668.4,1048280.0
Aurora,2023-05-15,25,760213,30408.52,934100.0
Aurora,2023-05-22,35,1012068,28916.22857142857,931985.7142857143
Aurora,2023-05-29,29,789809,27234.793103448275,866396.551724138
Aurora,2023-06-05,32,945009,29531.53125,775375.0
Aurora,2023-06-12,42,1151964,27427.714285714286,834750.0
Aurora,2023-06-19,30,847809,28260.3,898050.0
Aurora,2023-06-26,31,870712,28087.483870967742,876854.8387096775
Aurora,2023-07-03,26,735506,28288.69230769231,1190384.6153846155
Aurora,2023-07-10,24,751511,31312.958333333332,1091708.3333333333
Aurora,2023-07-17,51,1505464,29518.901960784315,804519.6078431372
Aurora,2023-07-24,24,623010,25958.75,765937.5
Aurora,2023-07-31,21,632906,30138.380952380954,1210000.0
Aurora,2023-08-07,22,546559,24843.590909090908,728977.2727272727
Aurora,2023-08-14,18,460508,25583.777777777777,844472.2222222222
Aurora,2023-08-21,52,1645219,31638.826923076922,729076.9230769231
Aurora,2023-08-28,55,1546519,28118.52727272727,700300.0
Aurora,2023-09-04,57,1475615,25887.98245614035,743217.5438596491
Aurora,2023-09-11,42,1118110,26621.666666666668,838654.7619047619
Aurora,2023-09-18,57,1481718,25995.052631578947,731526.3157894737
Aurora,2023-09-25,44,1354786,30790.590909090908,653188.3636363636
Aurora,2023-10-02,26,835508,32134.923076923078,799365.3846153846
Aurora,2023-10-09,32,903810,28244.0625,677421.875
Aurora,2023-10-16,30,764712,25490.4,652333.3333333334
Aurora,2023-10-23,27,864407,32015.074074074073,617537.0370370371
Aurora,2023-10-30,52,1346266,25889.73076923077,710346.1730769231
Aurora,2023-11-06,58,1715562,29578.655172413793,804633.6206896552
Aurora,2023-11-13,43,1266115,29444.53488372093,792406.976744186
Aurora,2023-11-20,61,1723619,28256.049180327867,876721.3114754099
Aurora,2023-11-27,63,2001963,31777.190476190477,715031.746031746
Aurora,2023-12-04,55,1465263,26641.145454545454,997578.1818181818
Aurora,2023-12-11,52,1496708,28782.846153846152,758259.6153846154
Aurora,2023-12-18,43,1178255,27401.279069767443,927186.0465116279
Aurora,2023-12-25,55,1708704,31067.345454545455,637136.3636363636
Austin,2021-12-27,7,172000,24571.428571428572,738642.8571428572
Austin,2022-01-03,16,465502,29093.875,1023281.25
Austin,2022-01-10,11,298301,27118.272727272728,582118.1818181818
Austin,2022-01-17,7,211000,30142.85714285714,651142.8571428572
Austin,2022-01-24,8,166501,20812.625,747687.5
Austin,2022-01-31,13,426501,32807.769230769234,633307.6923076923
Austin,2022-02-07,10,255101,25510.1,771300.0
Austin,2022-02-14,24,601200,25050.0,652354.1666666666
Austin,2022-02-21,11,294500,26772.727272727272,758500.0
Austin,2022-02-28,23,600902,26126.17391304348,716804.3478260869
Austin,2022-03-07,19,476851,25097.42105263158,906894.7368421053
Austin,2022-03-14,34,1027700,30226.470588235294,753279.4117647059
Austin,2022-03-21,26,745402,28669.30769230769,1133634.6153846155
Austin,2022-03-28,22,842700,38304.545454545456,856909.0909090909
Austin,2022-04-04,36,980504,27236.222222222223,632569.4444444445
Austin,2022-04-11,40,1011008,25275.2,725362.5
Austin,2022-04-18,26,910500,35019.230769230766,597269.2307692308
Austin,2022-04-25,39,1024709,26274.589743589742,980294.8717948718
Austin,2022-05-02,37,1082507,29256.945945945947,993527.027027027
Austin,2022-05-09,27,644802,23881.555555555555,980814.8148148148
Austin,2022-05-16,14,387506,27679.0,1033750.0
Austin,2022-05-23,39,946206,24261.69230769231,808166.6666666666
Austin,2022-05-30,34,1100007,32353.147058823528,857661.7647058824
Austin,2022-06-06,29,776407,26772.655172413793,1119758.6206896552
Austin,2022-06-13,37,1123702,30370.324324324323,781067.5675675676
Austin,2022-06-20,29,774508,26707.172413793105,805406.8965517242
Austin,2022-06-27,27,676004,25037.185185185186,718259.2592592592
Austin,2022-07-04,28,631600,22557.14285714286,663892.8571428572
Austin,2022-07-11,34,956856,28142.823529411766,737191.1764705882
Austin,2022-07-18,26,783705,30142.5,791600.0
Austin,2022-07-25,21,693504,33024.0,747714.2857142857
Austin,2022-08-01,23,784100,34091.30434782609,976065.2173913043
Austin,2022-08-08,38,1005089,26449.71052631579,885595.7368421053
Austin,2022-08-15,28,848682,30310.071428571428,758564.2857142857
Austin,2022-08-22,43,1355004,31511.720930232557,1050627.9069767443
Austin,2022-08-29,27,777152,28783.40740740741,742888.8888888889
Austin,2022-09-05,54,1592407,29489.01851851852,833120.3703703703
Austin,2022-09-12,69,1856153,26900.768115942028,698242.7536231884
Austin,2022-09-19,71,2121120,29874.929577464787,785373.3802816902
Austin,2022-09-26,52,1382936,26594.923076923078,936592.3076923077
Austin,2022-10-03,23,624252,27141.391304347828,767597.8260869565
Austin,2022-10-10,31,955455,30821.129032258064,776693.5483870967
Austin,2022-10-17,32,903777,28243.03125,794453.125
Austin,2022-10-24,24,792009,33000.375,703041.6666666666
Austin,2022-10-31,44,1141195,25936.25,833261.3409090909
Austin,2022-11-07,88,2616117,29728.602272727272,769801.1363636364
Austin,2022-11-14,71,2116420,29808.732394366198,689236.6197183098
Austin,2022-11-21,76,2185476,28756.263157894737,931475.0
Austin,2022-11-28,65,1840574,28316.523076923077,899550.0
Austin,2022-12-05,73,1866722,25571.534246575342,984965.7534246575
Austin,2022-12-12,54,1569071,29056.87037037037,853981.4814814815
Austin,2022-12-19,63,1650823,26203.539682539682,942301.5873015873
Austin,2022-12-26,36,1083611,30100.305555555555,836222.2222222222
Austin,2023-01-02,18,458106,25450.333333333332,551555.5555555555
Austin,2023-01-09,16,358501,22406.3125,802906.25
Austin,2023-01-16,27,829113,30707.88888888889,922000.0
Austin,2023-01-23,9,242103,26900.333333333332,464844.44444444444
Austin,2023-01-30,36,912612,25350.333333333332,747263.8888888889
Austin,2023-02-06,7,264001,37714.42857142857,938928.5714285715
Austin,2023-02-13,17,476005,28000.29411764706,1096735.294117647
Austin,2023-02-20,20,491013,24550.65,740100.0
Austin,2023-02-27,25,703807,28152.28,644200.0
Austin,2023-03-06,31,871011,28097.129032258064,1048338.7096774194
Austin,2023-03-13,45,1275964,28354.755555555555,703800.0
Austin,2023-03-20,21,500007,23809.85714285714,842833.3333333334
Austin,2023-03-27,25,663106,26524.24,638480.0
Austin,2023-04-03,36,1126116,31281.0,875430.5555555555
Austin,2023-04-10,33,1075811,32600.333333333332,634696.9696969697
Austin,2023-04-17,41,1286960,31389.268292682926,927121.9512195121
Austin,2023-04-24,14,403505,28821.785714285714,1135321.4285714286
Austin,2023-05-01,51,1450772,28446.50980392157,859196.0784313725
Austin,2023-05-08,32,939560,29361.25,959468.75
Austin,2023-05-15,35,1292015,36914.71428571428,763400.0
Austin,2023-05-22,46,1147218,24939.521739130436,1025989.1304347826
Austin,2023-05-29,43,1233111,28677.0,821604.6511627907
Austin,2023-06-05,43,1164991,27092.81395348837,820960.1860465116
Austin,2023-06-12,62,1601016,25822.83870967742,864250.0
Austin,2023-06-19,43,1212994,28209.162790697676,769042.6279069767
Austin,2023-06-26,37,1160915,31376.08108108108,841000.0
Austin,2023-07-03,36,892208,24783.555555555555,712041.6666666666
Austin,2023-07-10,34,884265,26007.79411764706,1059911.7647058824
Austin,2023-07-17,55,1505216,27367.563636363637,860490.9090909091
Austin,2023-07-24,35,978008,27943.085714285713,936785.7142857143
Austin,2023-07-31,21,666005,31714.52380952381,717976.1904761905
Austin,2023-08-07,37,1077712,29127.35135135135,728824.3243243244
Austin,2023-08-14,26,754653,29025.115384615383,669442.3076923077
Austin,2023-08-21,63,1747516,27738.349206349205,990666.6666666666
Austin,2023-08-28,74,1951727,26374.68918918919,840885.1351351351
Austin,2023-09-04,87,2558624,29409.471264367818,834078.1609195402
Austin,2023-09-11,60,1875918,31265.3,801433.3333333334
Austin,2023-09-18,71,1920669,27051.676056338027,856260.5633802817
Austin,2023-09-25,59,1543459,26160.322033898305,772720.3389830509
Austin,2023-10-02,30,859105,28636.833333333332,647733.3333333334
Austin,2023-10-09,59,1663419,28193.542372881355,764661.0169491526
Austin,2023-10-16,39,1076564,27604.20512820513,740782.0512820513
Austin,2023-10-23,35,939060,26830.285714285714,810200.0
Austin,2023-10-30,62,1555277,25085.112903225807,929049.1935483871
Austin,2023-11-06,85,2523873,29692.623529411765,787194.1176470588
Austin,2023-11-13,64,1770219,27659.671875,971984.375
Austin,2023-11-20,83,2449829,29516.01204819277,645355.421686747
Austin,2023-11-27,79,2297121,29077.481012658227,830141.7721518987
Austin,2023-12-04,84,2414123,28739.559523809523,617113.0952380953
Austin,2023-12-11,58,1716912,29601.931034482757,947141.3793103448
Austin,2023-12-18,61,1678516,27516.655737704918,820703.4918032787
Austin,2023-12-25,86,2595859,30184.406976744187,706436.0465116279
Greenville,2021-12-27,4,107500,26875.0,564625.0
Greenville,2022-01-03,12,404101,33675.083333333336,955625.0
Greenville,2022-01-10,7,300501,42928.71428571428,1225285.7142857143
Greenville,2022-01-17,8,166501,20812.625,1283500.0
Greenville,2022-01-24,6,185500,30916.666666666668,1046250.0
Greenville,2022-01-31,14,393250,28089.285714285714,1030571.4285714285
Greenville,2022-02-07,9,265101,29455.666666666668,1126500.0
Greenville,2022-02-14,15,424501,28300.066666666666,832466.6666666666
Greenville,2022-02-21,7,190001,27143.0,995928.5714285715
Greenville,2022-02-28,22,640103,29095.590909090908,901386.3636363636
Greenville,2022-03-07,18,548002,30444.555555555555,675972.2222222222
Greenville,2022-03-14,25,662851,26514.04,896508.0
Greenville,2022-03-21,20,571100,28555.0,979850.0
Greenville,2022-03-28,19,527003,27737.0,1050210.5263157894
Greenville,2022-04-04,24,883805,36825.208333333336,1032916.6666666666
Greenville,2022-04-11,32,948104,29628.25,665484.375
Greenville,2022-04-18,23,684202,29747.91304347826,1162478.2608695652
Greenville,2022-04-25,29,862555,29743.275862068964,1067758.6206896552
Greenville,2022-05-02,23,646902,28126.17391304348,875130.4347826086
Greenville,2022-05-09,18,498801,27711.166666666668,883638.8888888889
Greenville,2022-05-16,7,145503,20786.14285714286,1202142.857142857
Greenville,2022-05-23,26,549103,21119.346153846152,1168173.076923077
Greenville,2022-05-30,21,593504,28262.095238095237,1149523.8095238095
Greenville,2022-06-06,26,734905,28265.576923076922,922480.7692307692
Greenville,2022-06-13,28,790303,28225.10714285714,703017.8571428572
Greenville,2022-06-20,18,730704,40594.666666666664,736333.3333333334
Greenville,2022-06-27,15,484801,32320.066666666666,921666.6666666666
Greenville,2022-07-04,23,839005,36478.47826086957,875413.0434782609
Greenville,2022-07-11,27,571304,21159.40740740741,674796.2962962963
Greenville,2022-07-18,14,323003,23071.64285714286,376178.5714285714
Greenville,2022-07-25,17,470001,27647.117647058825,675794.1176470588
Greenville,2022-08-01,17,371001,21823.58823529412,555882.3529411765
Greenville,2022-08-08,28,851260,30402.14285714286,827982.1428571428
Greenville,2022-08-15,24,634901,26454.208333333332,1028875.0
Greenville,2022-08-22,28,821304,29332.285714285714,1109767.857142857
Greenville,2022-08-29,23,598502,26021.82608695652,680282.6086956522
Greenville,2022-09-05,36,915709,25436.36111111111,642208.3333333334
Greenville,2022-09-12,55,1550903,28198.236363636363,835736.3636363636
Greenville,2022-09-19,55,1562405,28407.363636363636,812954.5454545454
Greenville,2022-09-26,38,1047404,27563.263157894737,810302.6315789474
Greenville,2022-10-03,18,520081,28893.38888888889,842021.5555555555
Greenville,2022-10-10,22,682501,31022.772727272728,897045.4545454546
Greenville,2022-10-17,26,635503,24442.423076923078,1035346.1538461539
Greenville,2022-10-24,22,588308,26741.272727272728,772863.6363636364
Greenville,2022-10-31,37,940604,25421.72972972973,682635.1351351351
Greenville,2022-11-07,63,1837510,29166.825396825396,896595.2380952381
Greenville,2022-11-14,45,1206063,26801.4,1076144.4444444445
Greenville,2022-11-21,54,1441779,26699.61111111111,939511.1111111111
Greenville,2022-11-28,54,1626468,30119.777777777777,877696.2962962963
Greenville,2022-12-05,58,1662869,28670.155172413793,817530.1724137932
Greenville,2022-12-12,43,1197917,27858.53488372093,995418.6046511628
Greenville,2022-12-19,55,1607720,29231.272727272728,949627.2727272727
Greenville,2022-12-26,30,823107,27436.9,801383.3333333334
Greenville,2023-01-02,15,495706,33047.066666666666,610300.0
Greenville,2023-01-09,12,341502,28458.5,602541.6666666666
Greenville,2023-01-16,15,333455,22230.333333333332,597166.6666666666
Greenville,2023-01-23,9,223004,24778.222222222223,892500.0
Greenville,2023-01-30,26,642158,24698.384615384617,718711.5384615385
Greenville,2023-02-06,8,164501,20562.625,730500.0
Greenville,2023-02-13,15,389885,25992.333333333332,704425.8666666667
Greenville,2023-02-20,10,232206,23220.6,1198000.0
Greenville,2023-02-27,19,558005,29368.684210526317,1236631.5789473683
Greenville,2023-03-06,36,1000514,27792.055555555555,860819.4444444445
Greenville,2023-03-13,36,1003613,27878.13888888889,707055.5555555555
Greenville,2023-03-20,17,409755,24103.235294117647,727014.7058823529
Greenville,2023-03-27,25,701508,28060.32,745140.0
Greenville,2023-04-03,27,787010,29148.51851851852,759629.6296296297
Greenville,2023-04-10,24,626658,26110.75,701208.3333333334
Greenville,2023-04-17,41,1174413,28644.219512195123,648768.2926829269
Greenville,2023-04-24,12,392604,32717.0,1096416.6666666667
Greenville,2023-05-01,34,897082,26384.764705882353,623266.8823529412
Greenville,2023-05-08,22,760609,34573.13636363636,912977.2727272727
Greenville,2023-05-15,25,721814,28872.56,867460.0
Greenville,2023-05-22,35,883712,25248.914285714287,681057.1428571428
Greenville,2023-05-29,34,972412,28600.352941176472,838691.1764705882
Greenville,2023-06-05,25,731612,29264.48,732620.0
Greenville,2023-06-12,39,1131514,29013.17948717949,652166.6666666666
Greenville,2023-06-19,29,896509,30914.103448275862,693120.6896551724
Greenville,2023-06-26,29,790812,27269.379310344826,820620.6896551724
Greenville,2023-07-03,21,621806,29609.809523809523,998809.5238095238
Greenville,2023-07-10,27,778958,28850.296296296296,844388.8888888889
Greenville,2023-07-17,42,1139463,27130.071428571428,711351.1904761905
Greenville,2023-07-24,26,726106,27927.153846153848,875557.6923076923
Greenville,2023-07-31,13,392504,30192.615384615383,839346.1538461539
Greenville,2023-08-07,21,613928,29234.666666666668,889773.8095238095
Greenville,2023-08-14,20,618608,30930.4,854075.0
Greenville,2023-08-21,48,1413318,29444.125,683687.5
Greenville,2023-08-28,49,1513720,30892.244897959183,696826.5306122449
Greenville,2023-09-04,73,2185821,29942.753424657534,709226.0273972603
Greenville,2023-09-11,47,1511212,32153.44680851064,832840.4255319149
Greenville,2023-09-18,56,1215017,21696.73214285714,913848.2142857143
Greenville,2023-09-25,37,888703,24019.0,878837.8378378379
Greenville,2023-10-02,27,705006,26111.333333333332,710611.1111111111
Greenville,2023-10-09,43,1241252,28866.325581395347,924752.2558139535
Greenville,2023-10-16,32,900011,28125.34375,649765.625
Greenville,2023-10-23,29,805106,27762.275862068964,822275.8620689656
Greenville,2023-10-30,52,1523363,29295.44230769231,830826.9230769231
Greenville,2023-11-06,71,2065570,29092.535211267605,918179.5774647887
Greenville,2023-11-13,47,1435414,30540.72340425532,850148.9361702128
Greenville,2023-11-20,72,2005174,27849.63888888889,785290.2777777778
Greenville,2023-11-27,51,1410914,27664.980392156864,795247.0588235294
Greenville,2023-12-04,62,1656497,26717.6935483871,912940.8548387097
Greenville,2023-12-11,50,1425406,28508.12,768532.0
Greenville,2023-12-18,42,1233706,29373.95238095238,798476.1904761905
Greenville,2023-12-25,63,1594107,25303.285714285714,685693.6507936508
Janesville,2021-12-27,5,161500,32300.0,725300.0
Janesville,2022-01-03,15,454302,30286.8,783933.3333333334
Janesville,2022-01-10,7,194500,27785.714285714286,1252071.4285714286
Janesville,2022-01-17,11,321950,29268.18181818182,866227.2727272727
Janesville,2022-01-24,8,207800,25975.0,1291000.0
Janesville,2022-01-31,14,391400,27957.14285714286,784250.0
Janesville,2022-02-07,9,200500,22277.777777777777,1173555.5555555555
Janesville,2022-02-14,18,581051,32280.61111111111,722694.4444444445
Janesville,2022-02-21,10,235000,23500.0,814900.0
Janesville,2022-02-28,23,552112,24004.869565217392,849506.8260869565
Janesville,2022-03-07,18,458901,25494.5,678111.1111111111
Janesville,2022-03-14,32,778653,24332.90625,862172.125
Janesville,2022-03-21,25,632601,25304.04,987544.0
Janesville,2022-03-28,19,481101,25321.105263157893,895242.1052631579
Janesville,2022-04-04,29,806602,27813.862068965518,763810.3448275862
Janesville,2022-04-11,35,991253,28321.514285714286,1006878.5714285715
Janesville,2022-04-18,26,759701,29219.26923076923,969076.9230769231
Janesville,2022-04-25,31,898455,28982.41935483871,808867.7419354839
Janesville,2022-05-02,30,751303,25043.433333333334,947200.0
Janesville,2022-05-09,23,751001,32652.217391304348,904434.7826086957
Janesville,2022-05-16,14,429602,30685.85714285714,912000.0
Janesville,2022-05-23,31,926753,29895.25806451613,934838.7096774194
Janesville,2022-05-30,31,992485,32015.645161290322,838370.3870967742
Janesville,2022-06-06,32,773457,24170.53125,1112328.125
Janesville,2022-06-13,35,1158601,33102.885714285716,1032428.5714285715
Janesville,2022-06-20,25,709655,28386.2,779060.0
Janesville,2022-06-27,26,614801,23646.19230769231,531865.3846153846
Janesville,2022-07-04,26,772402,29707.76923076923,754134.6153846154
Janesville,2022-07-11,29,739955,25515.689655172413,947567.2413793104
Janesville,2022-07-18,16,479704,29981.5,788937.5
Janesville,2022-07-25,23,655802,28513.130434782608,1017826.0869565217
Janesville,2022-08-01,20,530850,26542.5,668600.0
Janesville,2022-08-08,32,906709,28334.65625,794390.625
Janesville,2022-08-15,33,912955,27665.303030303032,923848.4848484849
Janesville,2022-08-22,42,1371202,32647.666666666668,771654.7619047619
Janesville,2022-08-29,36,971101,26975.027777777777,896972.2222222222
Janesville,2022-09-05,48,1299510,27073.125,919500.0
Janesville,2022-09-12,70,2148104,30687.2,825392.8571428572
Janesville,2022-09-19,72,2087657,28995.23611111111,858027.7777777778
Janesville,2022-09-26,56,1410353,25184.875,833705.3571428572
Janesville,2022-10-03,23,708174,30790.17391304348,750021.7391304348
Janesville,2022-10-10,21,524203,24962.04761904762,829933.3333333334
Janesville,2022-10-17,28,823784,29420.85714285714,686617.8571428572
Janesville,2022-10-24,28,805107,28753.821428571428,589857.1428571428
Janesville,2022-10-31,47,1393957,29658.659574468085,809500.0
Janesville,2022-11-07,81,2145610,26489.012345679013,757627.7777777778
Janesville,2022-11-14,51,1365005,26764.803921568626,806850.9803921569
Janesville,2022-11-21,59,1518520,25737.627118644068,871152.5423728813
Janesville,2022-11-28,69,2091377,30309.8115942029,962668.1159420289
Janesville,2022-12-05,74,2055224,27773.297297297297,1108898.6486486488
Janesville,2022-12-12,51,1299963,25489.470588235294,1050698.0392156863
Janesville,2022-12-19,57,1412574,24782.0,878026.3157894737
Janesville,2022-12-26,34,976810,28729.70588235294,871523.5294117647
Janesville,2023-01-02,18,438956,24386.444444444445,710416.6666666666
Janesville,2023-01-09,16,506901,31681.3125,1021156.25
Janesville,2023-01-16,18,464257,25792.055555555555,820277.7777777778
Janesville,2023-01-23,9,307505,34167.22222222222,511666.6666666667
Janesville,2023-01-30,36,868813,24133.694444444445,835541.6666666666
Janesville,2023-02-06,13,467352,35950.153846153844,552730.7692307692
Janesville,2023-02-13,16,493203,30825.1875,929375.0
Janesville,2023-02-20,15,549260,36617.333333333336,811516.6666666666
Janesville,2023-02-27,25,694859,27794.36,739200.0
Janesville,2023-03-06,36,993112,27586.444444444445,537416.6666666666
Janesville,2023-03-13,37,983513,26581.432432432433,832243.2432432432
Janesville,2023-03-20,22,524909,23859.5,1103068.1818181819
Janesville,2023-03-27,33,937463,28407.969696969696,711610.6060606061
Janesville,2023-04-03,33,818809,24812.39393939394,835939.3939393939
Janesville,2023-04-10,37,1016062,27461.135135135137,750722.972972973
Janesville,2023-04-17,39,1139812,29225.94871794872,867730.7692307692
Janesville,2023-04-24,12,324104,27008.666666666668,1006833.3333333334
Janesville,2023-05-01,43,1204896,28020.837209302324,743218.3255813953
Janesville,2023-05-08,32,812765,25398.90625,812421.875
Janesville,2023-05-15,36,983417,27317.13888888889,927180.5555555555
Janesville,2023-05-22,47,1318517,28053.55319148936,899940.4255319149
Janesville,2023-05-29,51,1255017,24608.176470588234,775882.3529411765
Janesville,2023-06-05,36,963311,26758.63888888889,732986.1111111111
Janesville,2023-06-12,52,1530313,29429.096153846152,700317.3076923077
Janesville,2023-06-19,32,643311,20103.46875,721103.125
Janesville,2023-06-26,37,1138766,30777.45945945946,900013.5135135135
Janesville,2023-07-03,33,926005,28060.757575757576,951439.3939393939
Janesville,2023-07-10,27,787011,29148.555555555555,781351.8518518518
Janesville,2023-07-17,53,1562115,29473.867924528302,910386.7924528302
Janesville,2023-07-24,25,735457,29418.28,1054340.0
Janesville,2023-07-31,22,729608,33164.0,1081090.9090909092
Janesville,2023-08-07,26,779808,29992.615384615383,845942.3076923077
Janesville,2023-08-14,22,541006,24591.18181818182,627545.4545454546
Janesville,2023-08-21,47,1245518,26500.382978723403,788914.8936170213
Janesville,2023-08-28,73,2065328,28292.164383561645,785520.5479452055
Janesville,2023-09-04,75,2270455,30272.733333333334,764505.1733333333
Janesville,2023-09-11,55,1474018,26800.327272727274,714828.1818181818
Janesville,2023-09-18,71,1987617,27994.605633802817,846739.4366197183
Janesville,2023-09-25,46,1194906,25976.217391304348,1001054.3478260869
Janesville,2023-10-02,27,695407,25755.814814814814,963388.8888888889
Janesville,2023-10-09,40,1315706,32892.65,635957.25
Janesville,2023-10-16,35,979443,27984.085714285713,746271.4285714285
Janesville,2023-10-23,33,977131,29610.030303030304,843990.9090909091
Janesville,2023-10-30,66,1764226,26730.696969696968,823674.2424242424
Janesville,2023-11-06,82,2319323,28284.426829268294,687306.0975609756
Janesville,2023-11-13,60,1793717,29895.283333333333,950508.3333333334
Janesville,2023-11-20,81,2245525,27722.53086419753,738679.012345679
Janesville,2023-11-27,67,1703970,25432.388059701494,710753.7313432836
Janesville,2023-12-04,79,2173671,27514.822784810127,745498.1012658228
Janesville,2023-12-11,72,1948167,27057.875,842243.0555555555
Janesville,2023-12-18,51,1349235,26455.58823529412,884157.8431372549
Janesville,2023-12-25,64,1786006,27906.34375,708890.625
Middletown,2021-12-27,4,78000,19500.0,517625.0
Middletown,2022-01-03,14,401102,28650.14285714286,735464.2857142857
Middletown,2022-01-10,8,219050,27381.25,860125.0
Middletown,2022-01-17,12,342750,28562.5,1253416.6666666667
Middletown,2022-01-24,6,186501,31083.5,699416.6666666666
Middletown,2022-01-31,10,270300,27030.0,854360.0
Middletown,2022-02-07,8,236501,29562.625,726937.5
Middletown,2022-02-14,15,321201,21413.4,817233.3333333334
Middletown,2022-02-21,7,127000,18142.85714285714,657000.0
Middletown,2022-02-28,19,589001,31000.052631578947,995026.3157894737
Middletown,2022-03-07,19,458652,24139.57894736842,978815.7894736842
Middletown,2022-03-14,25,766000,30640.0,609820.0
Middletown,2022-03-21,21,586002,27904.85714285714,765285.7142857143
Middletown,2022-03-28,16,391000,24437.5,896593.75
Middletown,2022-04-04,25,586301,23452.04,1135840.0
Middletown,2022-04-11,33,945304,28645.575757575756,777939.3939393939
Middletown,2022-04-18,19,577600,30400.0,883710.5263157894
Middletown,2022-04-25,28,854808,30528.85714285714,699892.8571428572
Middletown,2022-05-02,23,716204,31139.304347826088,663434.7826086957
Middletown,2022-05-09,20,550183,27509.15,1135965.0
Middletown,2022-05-16,9,208002,23111.333333333332,533611.1111111111
Middletown,2022-05-23,28,847203,30257.25,778803.5714285715
Middletown,2022-05-30,25,725105,29004.2,1040100.0
Middletown,2022-06-06,23,499503,21717.521739130436,936239.1304347826
Middletown,2022-06-13,29,757603,26124.241379310344,681603.448275862
Middletown,2022-06-20,22,628505,28568.409090909092,693000.0
Middletown,2022-06-27,20,491502,24575.1,629950.0
Middletown,2022-07-04,21,548401,26114.333333333332,893404.7619047619
Middletown,2022-07-11,27,1004604,37207.555555555555,708148.1481481482
Middletown,2022-07-18,17,475402,27964.823529411766,673058.8235294118
Middletown,2022-07-25,15,449404,29960.266666666666,750960.0
Middletown,2022-08-01,20,671202,33560.1,936500.0
Middletown,2022-08-08,31,879609,28374.483870967742,1033274.1935483871
Middletown,2022-08-15,23,636201,27660.91304347826,923108.695652174
Middletown,2022-08-22,32,977554,30548.5625,1044765.625
Middletown,2022-08-29,23,775702,33726.17391304348,748239.1304347826
Middletown,2022-09-05,39,1317206,33774.51282051282,858833.3333333334
Middletown,2022-09-12,49,1354852,27650.04081632653,908979.5918367347
Middletown,2022-09-19,54,1368256,25338.074074074073,755629.6296296297
Middletown,2022-09-26,39,1229456,31524.51282051282,863634.6153846154
Middletown,2022-10-03,25,748505,29940.2,825380.0
Middletown,2022-10-10,20,576002,28800.1,756275.0
Middletown,2022-10-17,23,616101,26787.0,972891.3478260869
Middletown,2022-10-24,20,631006,31550.3,642800.0
Middletown,2022-10-31,35,923303,26380.085714285713,783357.1428571428
Middletown,2022-11-07,67,1794061,26777.02985074627,708179.104477612
Middletown,2022-11-14,50,1524914,30498.28,754360.0
Middletown,2022-11-21,49,1538819,31404.469387755104,695755.1020408163
Middletown,2022-11-28,60,1700069,28334.483333333334,768450.0
Middletown,2022-12-05,58,1551299,26746.53448275862,841950.0
Middletown,2022-12-12,44,1007013,22886.659090909092,766011.3636363636
Middletown,2022-12-19,47,1058920,22530.212765957447,788904.2553191489
Middletown,2022-12-26,30,849408,28313.6,1026366.6666666666
Middletown,2023-01-02,12,453754,37812.833333333336,796833.3333333334
Middletown,2023-01-09,13,344602,26507.846153846152,690192.3076923077
Middletown,2023-01-16,18,509007,28278.166666666668,551194.4444444445
Middletown,2023-01-23,9,215502,23944.666666666668,700444.4444444445
Middletown,2023-01-30,30,905418,30180.6,814321.9666666667
Middletown,2023-02-06,9,208002,23111.333333333332,933222.2222222222
Middletown,2023-02-13,13,394704,30361.846153846152,820769.2307692308
Middletown,2023-02-20,11,312807,28437.0,575954.5454545454
Middletown,2023-02-27,22,583509,26523.136363636364,939886.3636363636
Middletown,2023-03-06,32,864112,27003.5,780671.875
Middletown,2023-03-13,35,961561,27473.17142857143,826807.1428571428
Middletown,2023-03-20,16,467553,29222.0625,1097375.0
Middletown,2023-03-27,25,665707,26628.28,870700.0
Middletown,2023-04-03,27,722610,26763.333333333332,857888.8888888889
Middletown,2023-04-10,19,548488,28867.78947368421,789410.5263157894
Middletown,2023-04-17,41,1173263,28616.170731707316,729411.0243902439
Middletown,2023-04-24,14,317005,22643.214285714286,846642.8571428572
Middletown,2023-05-01,34,1032863,30378.323529411766,1090617.6470588236
Middletown,2023-05-08,27,712910,26404.074074074073,897092.5925925926
Middletown,2023-05-15,27,926612,34318.96296296296,678937.0370370371
Middletown,2023-05-22,42,1369220,32600.47619047619,1099751.3095238095
Middletown,2023-05-29,30,835411,27847.033333333333,832683.3333333334
Middletown,2023-06-05,30,824611,27487.033333333333,885250.0
Middletown,2023-06-12,42,1044734,24874.619047619046,740225.0
Middletown,2023-06-19,31,951058,30679.290322580644,670274.1935483871
Middletown,2023-06-26,28,836914,29889.785714285714,748750.0
Middletown,2023-07-03,27,669459,24794.777777777777,838277.7777777778
Middletown,2023-07-10,26,630813,24262.03846153846,1190442.3076923077
Middletown,2023-07-17,48,1143212,23816.916666666668,853916.6666666666
Middletown,2023-07-24,19,456106,24005.57894736842,876763.1578947369
Middletown,2023-07-31,16,310504,19406.5,1172187.5
Middletown,2023-08-07,25,727410,29096.4,728500.0
Middletown,2023-08-14,20,500505,25025.25,921550.0
Middletown,2023-08-21,40,1039760,25994.0,891500.0
Middletown,2023-08-28,49,1141270,23291.224489795917,740183.6734693878
Middletown,2023-09-04,71,2196574,30937.661971830985,725732.3943661972
Middletown,2023-09-11,44,1176010,26727.5,844431.8181818182
Middletown,2023-09-18,51,1470864,28840.470588235294,924813.725490196
Middletown,2023-09-25,42,1004154,23908.428571428572,777976.1904761905
Middletown,2023-10-02,19,557317,29332.473684210527,1105189.4736842106
Middletown,2023-10-09,39,1049356,26906.5641025641,792423.0769230769
Middletown,2023-10-16,30,1096161,36538.7,748825.0
Middletown,2023-10-23,25,647207,25888.28,797160.0
Middletown,2023-10-30,51,1355315,26574.803921568626,800813.725490196
Middletown,2023-11-06,62,1577296,25440.25806451613,818029.0322580645
Middletown,2023-11-13,43,1224212,28470.04651162791,685097.6744186047
Middletown,2023-11-20,65,1910923,29398.815384615384,720730.7692307692
Middletown,2023-11-27,55,1490111,27092.927272727273,904600.0
Middletown,2023-12-04,64,1774825,27731.640625,752576.375
Middletown,2023-12-11,50,1408908,28178.16,968070.0
Middletown,2023-12-18,45,1227802,27284.48888888889,855544.4444444445
Middletown,2023-12-25,59,1598465,27092.627118644068,792780.6779661017
Pasco,2021-12-27,6,207000,34500.0,535333.3333333334
Pasco,2022-01-03,13,431203,33169.46153846154,777846.1538461539
Pasco,2022-01-10,7,165400,23628.571428571428,1095857.142857143
Pasco,2022-01-17,9,241501,26833.444444444445,1014277.7777777778
Pasco,2022-01-24,7,211500,30214.285714285714,1118357.142857143
Pasco,2022-01-31,11,341600,31054.545454545456,686181.8181818182
Pasco,2022-02-07,8,239500,29937.5,817312.5
Pasco,2022-02-14,13,446501,34346.230769230766,811730.7692307692
Pasco,2022-02-21,11,354101,32191.0,666227.2727272727
Pasco,2022-02-28,21,579202,27581.04761904762,949123.8095238095
Pasco,2022-03-07,15,466251,31083.4,837933.3333333334
Pasco,2022-03-14,24,697303,29054.291666666668,818812.5
Pasco,2022-03-21,18,453000,25166.666666666668,870166.6666666666
Pasco,2022-03-28,17,497503,29264.882352941175,1220882.3529411764
Pasco,2022-04-04,25,605301,24212.04,978340.0
Pasco,2022-04-11,27,802502,29722.296296296296,692962.9629629629
Pasco,2022-04-18,21,644202,30676.285714285714,793761.9047619047
Pasco,2022-04-25,31,770186,24844.709677419356,771396.7741935484
Pasco,2022-05-02,25,648152,25926.08,1117340.0
Pasco,2022-05-09,16,436600,27287.5,898718.75
Pasco,2022-05-16,11,420403,38218.454545454544,879863.6363636364
Pasco,2022-05-23,26,673304,25896.30769230769,1040500.0
Pasco,2022-05-30,22,563953,25634.227272727272,910954.5454545454
Pasco,2022-06-06,26,809903,31150.115384615383,820326.9230769231
Pasco,2022-06-13,29,857002,29551.793103448275,625775.8620689656
Pasco,2022-06-20,23,551605,23982.82608695652,825891.304347826
Pasco,2022-06-27,19,547501,28815.842105263157,553210.5263157894
Pasco,2022-07-04,19,679003,35737.0,859552.6315789474
Pasco,2022-07-11,24,590154,24589.75,776156.25
Pasco,2022-07-18,14,503601,35971.5,857642.8571428572
Pasco,2022-07-25,16,464451,29028.1875,1294281.25
Pasco,2022-08-01,14,340301,24307.214285714286,925500.0
Pasco,2022-08-08,29,885356,30529.51724137931,1136620.6896551724
Pasco,2022-08-15,22,582305,26468.409090909092,1208227.2727272727
Pasco,2022-08-22,31,814802,26283.935483870966,1152758.064516129
Pasco,2022-08-29,25,656052,26242.08,898328.0
Pasco,2022-09-05,36,1054709,29297.472222222223,965416.6666666666
Pasco,2022-09-12,51,1502153,29453.980392156864,853352.9411764706
Pasco,2022-09-19,55,1591387,28934.30909090909,846632.7272727273
Pasco,2022-09-26,42,1119404,26652.47619047619,803273.8095238095
Pasco,2022-10-03,21,721603,34362.04761904762,868500.0
Pasco,2022-10-10,16,498201,31137.5625,706000.0
Pasco,2022-10-17,26,716102,27542.384615384617,828846.1538461539
Pasco,2022-10-24,20,605456,30272.8,989650.0
Pasco,2022-10-31,36,978003,27166.75,923277.7777777778
Pasco,2022-11-07,61,1773505,29073.852459016394,854860.655737705
Pasco,2022-11-14,45,1336461,29699.133333333335,793988.911111111
Pasco,2022-11-21,50,1446246,28924.92,966177.76
Pasco,2022-11-28,58,1844953,31809.53448275862,958860.1379310344
Pasco,2022-12-05,62,1754321,28295.5,1003096.7741935484
Pasco,2022-12-12,49,1442818,29445.26530612245,865928.5714285715
Pasco,2022-12-19,46,1354067,29436.239130434784,808358.695652174
Pasco,2022-12-26,33,759205,23006.21212121212,896612.1212121212
Pasco,2023-01-02,17,419005,24647.352941176472,860382.3529411765
Pasco,2023-01-09,15,357501,23833.4,694300.0
Pasco,2023-01-16,15,401507,26767.133333333335,746666.6666666666
Pasco,2023-01-23,8,163005,20375.625,917250.0
Pasco,2023-01-30,27,733808,27178.074074074073,977462.9629629629
Pasco,2023-02-06,5,126501,25300.2,636400.0
Pasco,2023-02-13,15,458004,30533.6,1384366.6666666667
Pasco,2023-02-20,12,324007,27000.583333333332,618625.0
Pasco,2023-02-27,20,513709,25685.45,964575.0
Pasco,2023-03-06,26,625310,24050.384615384617,902942.3076923077
Pasco,2023-03-13,30,814110,27137.0,945450.0
Pasco,2023-03-20,16,371205,23200.3125,1206093.75
Pasco,2023-03-27,25,675158,27006.32,974080.0
Pasco,2023-04-03,27,802512,29722.666666666668,737414.8148148148
Pasco,2023-04-10,30,725060,24168.666666666668,713150.0
Pasco,2023-04-17,32,879810,27494.0625,962126.5625
Pasco,2023-04-24,13,323503,24884.846153846152,1137346.1538461538
Pasco,2023-05-01,41,1203219,29346.80487804878,705914.6341463415
Pasco,2023-05-08,26,790457,30402.19230769231,778942.3076923077
Pasco,2023-05-15,29,750048,25863.724137931036,1078172.4137931035
Pasco,2023-05-22,39,1116415,28626.02564102564,1006615.3846153846
Pasco,2023-05-29,38,1022862,26917.42105263158,794923.6842105263
Pasco,2023-06-05,33,780582,23654.0,923927.2727272727
Pasco,2023-06-12,43,1331263,30959.60465116279,712313.9534883721
Pasco,2023-06-19,30,988360,32945.333333333336,781250.0
Pasco,2023-06-26,29,812013,28000.44827586207,898631.0344827586
Pasco,2023-07-03,31,766710,24732.58064516129,598532.2580645161
Pasco,2023-07-10,28,801610,28628.928571428572,962660.7142857143
Pasco,2023-07-17,45,1203615,26747.0,963166.6666666666
Pasco,2023-07-24,26,731006,28115.615384615383,945076.9230769231
Pasco,2023-07-31,17,419206,24659.176470588234,1166941.1764705882
Pasco,2023-08-07,21,535556,25502.666666666668,890095.2380952381
Pasco,2023-08-14,18,540307,30017.055555555555,735972.2222222222
Pasco,2023-08-21,48,1248517,26010.770833333332,819411.4583333334
Pasco,2023-08-28,50,1489216,29784.32,619424.0
Pasco,2023-09-04,67,2049869,30595.059701492537,806813.432835821
Pasco,2023-09-11,44,1096025,24909.659090909092,786864.1363636364
Pasco,2023-09-18,44,1401096,31843.090909090908,809981.5454545454
Pasco,2023-09-25,45,1149856,25552.355555555554,729344.4444444445
Pasco,2023-10-02,24,564706,23529.416666666668,767229.1666666666
Pasco,2023-10-09,43,1310497,30476.674418604653,580995.3488372093
Pasco,2023-10-16,31,835907,26964.74193548387,974241.9354838709
Pasco,2023-10-23,29,787062,27140.068965517243,875503.448275862
Pasco,2023-10-30,57,1541616,27045.894736842107,720359.649122807
Pasco,2023-11-06,62,1624618,26203.516129032258,788225.8064516129
Pasco,2023-11-13,46,1334615,29013.369565217392,1002032.6086956522
Pasco,2023-11-20,69,1973239,28597.666666666668,866851.1884057971
Pasco,2023-11-27,57,1552547,27237.666666666668,668900.6140350878
Pasco,2023-12-04,55,1539817,27996.672727272726,742127.2727272727
Pasco,2023-12-11,50,1453210,29064.2,598620.0
Pasco,2023-12-18,49,1398206,28534.816326530614,775940.4081632653
Pasco,2023-12-25,52,1506353,28968.326923076922,794702.8846153846
Scottsdale,2021-12-27,5,92250,18450.0,627950.0
Scottsdale,2022-01-03,12,310550,25879.166666666668,456541.6666666667
Scottsdale,2022-01-10,8,189001,23625.125,716937.5
Scottsdale,2022-01-17,11,266500,24227.272727272728,1110227.2727272727
Scottsdale,2022-01-24,7,223000,31857.14285714286,877357.1428571428
Scottsdale,2022-01-31,13,328500,25269.23076923077,752500.0
Scottsdale,2022-02-07,8,236501,29562.625,1134187.5
Scottsdale,2022-02-14,16,456601,28537.5625,1012281.25
Scottsdale,2022-02-21,8,255500,31937.5,815125.0
Scottsdale,2022-02-28,22,658202,29918.272727272728,903045.4545454546
Scottsdale,2022-03-07,21,558251,26583.380952380954,1102404.761904762
Scottsdale,2022-03-14,24,649203,27050.125,1065208.3333333333
Scottsdale,2022-03-21,25,712782,28511.28,886183.52
Scottsdale,2022-03-28,14,453951,32425.071428571428,971857.1428571428
Scottsdale,2022-04-04,29,900401,31048.310344827587,785375.8620689656
Scottsdale,2022-04-11,35,1013603,28960.085714285713,872171.4285714285
Scottsdale,2022-04-18,24,627900,26162.5,679354.1666666666
Scottsdale,2022-04-25,31,827506,26693.74193548387,782348.3870967742
Scottsdale,2022-05-02,25,701602,28064.08,699280.0
Scottsdale,2022-05-09,21,520500,24785.714285714286,915214.2857142857
Scottsdale,2022-05-16,11,257502,23409.272727272728,700590.9090909091
Scottsdale,2022-05-23,29,832003,28689.758620689656,772327.5862068966
Scottsdale,2022-05-30,26,770255,29625.19230769231,881057.6923076923
Scottsdale,2022-06-06,30,806502,26883.4,979066.6666666666
Scottsdale,2022-06-13,33,899601,27260.636363636364,960772.7272727273
Scottsdale,2022-06-20,23,522504,22717.565217391304,645673.9130434783
Scottsdale,2022-06-27,18,464002,25777.88888888889,691527.7777777778
Scottsdale,2022-07-04,29,965811,33303.8275862069,784486.2068965518
Scottsdale,2022-07-11,26,814752,31336.615384615383,937788.4615384615
Scottsdale,2022-07-18,16,573502,35843.875,577375.0
Scottsdale,2022-07-25,18,422551,23475.055555555555,837458.3333333334
Scottsdale,2022-08-01,20,656000,32800.0,752900.0
Scottsdale,2022-08-08,29,714308,24631.310344827587,717879.3103448276
Scottsdale,2022-08-15,31,877004,28290.451612903227,1059064.5161290322
Scottsdale,2022-08-22,29,734501,25327.620689655174,1034551.724137931
Scottsdale,2022-08-29,26,803001,30884.653846153848,809480.7692307692
Scottsdale,2022-09-05,45,1379348,30652.17777777778,809731.1111111111
Scottsdale,2022-09-12,62,1849553,29831.5,847669.3548387097
Scottsdale,2022-09-19,70,1978509,28264.414285714287,779671.4285714285
Scottsdale,2022-09-26,46,1311703,28515.282608695652,884750.0
Scottsdale,2022-10-03,24,693202,28883.416666666668,759416.6666666666
Scottsdale,2022-10-10,17,375500,22088.235294117647,896235.2941176471
Scottsdale,2022-10-17,21,684453,32593.0,567880.9523809524
Scottsdale,2022-10-24,23,718287,31229.869565217392,884273.9130434783
Scottsdale,2022-10-31,39,912605,23400.128205128207,697717.9487179487
Scottsdale,2022-11-07,57,1458943,25595.491228070176,693492.9649122807
Scottsdale,2022-11-14,54,1574013,29148.38888888889,757870.3703703703
Scottsdale,2022-11-21,52,1436719,27629.21153846154,784144.2307692308
Scottsdale,2022-11-28,61,1506522,24697.081967213115,873872.9508196721
Scottsdale,2022-12-05,65,1840271,28311.861538461537,968438.4615384615
Scottsdale,2022-12-12,46,1180216,25656.869565217392,770521.7391304348
Scottsdale,2022-12-19,54,1617827,29959.75925925926,966388.8888888889
Scottsdale,2022-12-26,32,942209,29444.03125,646734.375
Scottsdale,2023-01-02,17,384008,22588.70588235294,696529.4117647059
Scottsdale,2023-01-09,14,357101,25507.214285714286,523607.14285714284
Scottsdale,2023-01-16,15,436505,29100.333333333332,607466.6666666666
Scottsdale,2023-01-23,11,379805,34527.72727272727,685272.7272727273
Scottsdale,2023-01-30,29,759099,26175.827586206895,1048727.2413793104
Scottsdale,2023-02-06,7,245801,35114.42857142857,646928.5714285715
Scottsdale,2023-02-13,19,515804,27147.57894736842,912631.5789473684
Scottsdale,2023-02-20,10,241205,24120.5,983300.0
Scottsdale,2023-02-27,20,571509,28575.45,773200.0
Scottsdale,2023-03-06,33,851013,25788.272727272728,882878.7878787878
Scottsdale,2023-03-13,32,830190,25943.4375,817262.125
Scottsdale,2023-03-20,16,488506,30531.625,718312.5
Scottsdale,2023-03-27,24,584508,24354.5,803208.3333333334
Scottsdale,2023-04-03,33,781413,23679.18181818182,752393.9393939395
Scottsdale,2023-04-10,31,1024912,33061.67741935484,573606.4516129033
Scottsdale,2023-04-17,41,936160,22833.170731707316,806835.3658536585
Scottsdale,2023-04-24,10,286004,28600.4,719250.0
Scottsdale,2023-05-01,38,1109917,29208.342105263157,727526.3157894737
Scottsdale,2023-05-08,31,774811,24993.90322580645,826096.7741935484
Scottsdale,2023-05-15,33,970617,29412.636363636364,808969.696969697
Scottsdale,2023-05-22,36,961864,26718.444444444445,736930.5555555555
Scottsdale,2023-05-29,40,1142464,28561.6,776025.0
Scottsdale,2023-06-05,26,732010,28154.23076923077,748692.3076923077
Scottsdale,2023-06-12,50,1455019,29100.38,882730.0
Scottsdale,2023-06-19,30,851810,28393.666666666668,747716.6666666666
Scottsdale,2023-06-26,29,883612,30469.379310344826,776051.724137931
Scottsdale,2023-07-03,41,1256263,30640.560975609755,846426.8292682926
Scottsdale,2023-07-10,29,897710,30955.51724137931,808137.9310344828
Scottsdale,2023-07-17,51,1321584,25913.41176470588,795044.6274509804
Scottsdale,2023-07-24,30,835808,27860.266666666666,870483.3333333334
Scottsdale,2023-07-31,20,659007,32950.35,633750.0
Scottsdale,2023-08-07,28,796806,28457.35714285714,1008000.0
Scottsdale,2023-08-14,26,726308,27934.923076923078,679346.1538461539
Scottsdale,2023-08-21,47,1363517,29011.0,832914.8936170213
Scottsdale,2023-08-28,60,1760376,29339.6,822045.8333333334
Scottsdale,2023-09-04,65,1837724,28272.676923076924,690600.0
Scottsdale,2023-09-11,58,1486965,25637.327586206895,889698.275862069
Scottsdale,2023-09-18,60,1892522,31542.033333333333,812600.0166666667
Scottsdale,2023-09-25,47,1281805,27272.44680851064,895580.0
Scottsdale,2023-10-02,22,530253,24102.409090909092,556347.7272727273
Scottsdale,2023-10-09,34,989512,29103.29411764706,947308.8235294118
Scottsdale,2023-10-16,28,818611,29236.10714285714,707107.1428571428
Scottsdale,2023-10-23,27,697305,25826.11111111111,706537.0370370371
Scottsdale,2023-10-30,55,1507089,27401.618181818183,834080.9090909091
Scottsdale,2023-11-06,75,1889661,25195.48,666806.5333333333
Scottsdale,2023-11-13,47,1358763,28909.85106382979,663595.7446808511
Scottsdale,2023-11-20,79,2132603,26994.974683544304,723273.2658227849
Scottsdale,2023-11-27,83,2520020,30361.68674698795,910162.6506024096
Scottsdale,2023-12-04,71,1870668,26347.436619718308,659119.7183098592
Scottsdale,2023-12-11,58,1700759,29323.431034482757,821922.4137931034
Scottsdale,2023-12-18,49,1332693,27197.816326530614,888995.7142857143
Scottsdale,2023-12-25,47,1393392,29646.63829787234,690148.914893617
